[
{
    "fields": {
        "is_enabled": true,
        "order": 1,
        "name": "\u041a\u0438\u0440\u043e\u0432\u0441\u043a\u043e-\u0412\u044b\u0431\u043e\u0440\u0433\u0441\u043a\u0430\u044f",
        "color": "#FF0000",
        "modified": "2015-10-11T10:54:38.656Z",
        "created": "2015-10-11T10:08:11.456Z"
    },
    "model": "subway.branch",
    "pk": 1
},
{
    "fields": {
        "is_enabled": true,
        "order": 2,
        "name": "\u041c\u043e\u0441\u043a\u043e\u0432\u0441\u043a\u043e-\u041f\u0435\u0442\u0440\u043e\u0433\u0440\u0430\u0434\u0441\u043a\u0430\u044f",
        "color": "#0070BB",
        "modified": "2015-10-11T10:54:38.652Z",
        "created": "2015-10-11T10:08:19.185Z"
    },
    "model": "subway.branch",
    "pk": 2
},
{
    "fields": {
        "is_enabled": true,
        "order": 3,
        "name": "\u041d\u0435\u0432\u0441\u043a\u043e-\u0412\u0430\u0441\u0438\u043b\u0435\u043e\u0441\u0442\u0440\u043e\u0432\u0441\u043a\u0430\u044f",
        "color": "#009245",
        "modified": "2015-10-11T10:54:38.648Z",
        "created": "2015-10-11T10:08:25.837Z"
    },
    "model": "subway.branch",
    "pk": 3
},
{
    "fields": {
        "is_enabled": true,
        "order": 4,
        "name": "\u041f\u0440\u0430\u0432\u043e\u0431\u0435\u0440\u0435\u0436\u043d\u0430\u044f",
        "color": "#FBA820",
        "modified": "2015-10-11T10:54:38.645Z",
        "created": "2015-10-11T10:08:32.889Z"
    },
    "model": "subway.branch",
    "pk": 4
},
{
    "fields": {
        "is_enabled": true,
        "order": 5,
        "name": "\u0424\u0440\u0443\u043d\u0437\u0435\u043d\u0441\u043a\u043e-\u041f\u0440\u0438\u043c\u043e\u0440\u0441\u043a\u0430\u044f",
        "color": "#662C91",
        "modified": "2015-10-11T10:54:38.639Z",
        "created": "2015-10-11T10:08:58.007Z"
    },
    "model": "subway.branch",
    "pk": 5
},
{
    "fields": {
        "_order": 1,
        "branch": 1,
        "is_enabled": true,
        "order": 1,
        "name": "\u0414\u0435\u0432\u044f\u0442\u043a\u0438\u043d\u043e",
        "modified": "2015-10-15T15:15:31.030Z",
        "created": "2015-10-11T11:05:12.999Z"
    },
    "model": "subway.station",
    "pk": 1
},
{
    "fields": {
        "_order": 2,
        "branch": 1,
        "is_enabled": true,
        "order": 2,
        "name": "\u0413\u0440\u0430\u0436\u0434\u0430\u043d\u0441\u043a\u0438\u0439 \u043f\u0440\u043e\u0441\u043f\u0435\u043a\u0442",
        "modified": "2015-10-15T15:15:31.032Z",
        "created": "2015-10-11T11:05:13.002Z"
    },
    "model": "subway.station",
    "pk": 2
},
{
    "fields": {
        "_order": 3,
        "branch": 1,
        "is_enabled": true,
        "order": 3,
        "name": "\u0410\u043a\u0430\u0434\u0435\u043c\u0438\u0447\u0435\u0441\u043a\u0430\u044f",
        "modified": "2015-10-15T15:15:31.034Z",
        "created": "2015-10-11T11:05:13.004Z"
    },
    "model": "subway.station",
    "pk": 3
},
{
    "fields": {
        "_order": 4,
        "branch": 1,
        "is_enabled": true,
        "order": 4,
        "name": "\u041f\u043e\u043b\u0438\u0442\u0435\u0445\u043d\u0438\u0447\u0435\u0441\u043a\u0430\u044f",
        "modified": "2015-10-15T15:15:31.035Z",
        "created": "2015-10-11T11:05:13.006Z"
    },
    "model": "subway.station",
    "pk": 4
},
{
    "fields": {
        "_order": 5,
        "branch": 1,
        "is_enabled": true,
        "order": 5,
        "name": "\u041f\u043b\u043e\u0449\u0430\u0434\u044c \u041c\u0443\u0436\u0435\u0441\u0442\u0432\u0430",
        "modified": "2015-10-15T15:15:31.036Z",
        "created": "2015-10-11T11:05:13.008Z"
    },
    "model": "subway.station",
    "pk": 5
},
{
    "fields": {
        "_order": 6,
        "branch": 1,
        "is_enabled": true,
        "order": 6,
        "name": "\u041b\u0435\u0441\u043d\u0430\u044f",
        "modified": "2015-10-15T15:15:31.037Z",
        "created": "2015-10-11T11:05:13.010Z"
    },
    "model": "subway.station",
    "pk": 6
},
{
    "fields": {
        "_order": 7,
        "branch": 1,
        "is_enabled": true,
        "order": 7,
        "name": "\u0412\u044b\u0431\u043e\u0440\u0433\u0441\u043a\u0430\u044f",
        "modified": "2015-10-15T15:15:31.038Z",
        "created": "2015-10-11T11:05:13.012Z"
    },
    "model": "subway.station",
    "pk": 7
},
{
    "fields": {
        "_order": 8,
        "branch": 1,
        "is_enabled": true,
        "order": 8,
        "name": "\u041f\u043b\u043e\u0449\u0430\u0434\u044c \u041b\u0435\u043d\u0438\u043d\u0430",
        "modified": "2015-10-15T15:15:31.040Z",
        "created": "2015-10-11T11:05:13.015Z"
    },
    "model": "subway.station",
    "pk": 8
},
{
    "fields": {
        "_order": 9,
        "branch": 1,
        "is_enabled": true,
        "order": 9,
        "name": "\u0427\u0435\u0440\u043d\u044b\u0448\u0435\u0432\u0441\u043a\u0430\u044f",
        "modified": "2015-10-15T15:15:31.041Z",
        "created": "2015-10-11T11:05:13.016Z"
    },
    "model": "subway.station",
    "pk": 9
},
{
    "fields": {
        "_order": 10,
        "branch": 1,
        "is_enabled": true,
        "order": 10,
        "name": "\u041f\u043b\u043e\u0449\u0430\u0434\u044c \u0412\u043e\u0441\u0441\u0442\u0430\u043d\u0438\u044f",
        "modified": "2015-10-15T15:15:31.042Z",
        "created": "2015-10-11T11:05:13.018Z"
    },
    "model": "subway.station",
    "pk": 10
},
{
    "fields": {
        "_order": 11,
        "branch": 1,
        "is_enabled": true,
        "order": 11,
        "name": "\u0412\u043b\u0430\u0434\u0438\u043c\u0438\u0440\u0441\u043a\u0430\u044f",
        "modified": "2015-10-15T15:15:31.044Z",
        "created": "2015-10-11T11:05:13.020Z"
    },
    "model": "subway.station",
    "pk": 11
},
{
    "fields": {
        "_order": 12,
        "branch": 1,
        "is_enabled": true,
        "order": 12,
        "name": "\u041f\u0443\u0448\u043a\u0438\u043d\u0441\u043a\u0430\u044f",
        "modified": "2015-10-15T15:15:31.045Z",
        "created": "2015-10-11T11:05:13.022Z"
    },
    "model": "subway.station",
    "pk": 12
},
{
    "fields": {
        "_order": 13,
        "branch": 1,
        "is_enabled": true,
        "order": 13,
        "name": "\u0422\u0435\u0445\u043d\u043e\u043b\u043e\u0433\u0438\u0447\u0435\u0441\u043a\u0438\u0439 \u0438\u043d\u0441\u0442\u0438\u0442\u0443\u0442 - 1",
        "modified": "2015-10-15T15:15:31.047Z",
        "created": "2015-10-11T11:05:13.024Z"
    },
    "model": "subway.station",
    "pk": 13
},
{
    "fields": {
        "_order": 14,
        "branch": 1,
        "is_enabled": true,
        "order": 14,
        "name": "\u0411\u0430\u043b\u0442\u0438\u0439\u0441\u043a\u0430\u044f",
        "modified": "2015-10-15T15:15:31.048Z",
        "created": "2015-10-11T11:05:13.025Z"
    },
    "model": "subway.station",
    "pk": 14
},
{
    "fields": {
        "_order": 15,
        "branch": 1,
        "is_enabled": true,
        "order": 15,
        "name": "\u041d\u0430\u0440\u0432\u0441\u043a\u0430\u044f",
        "modified": "2015-10-15T15:15:31.050Z",
        "created": "2015-10-11T11:05:13.027Z"
    },
    "model": "subway.station",
    "pk": 15
},
{
    "fields": {
        "_order": 16,
        "branch": 1,
        "is_enabled": true,
        "order": 16,
        "name": "\u041a\u0438\u0440\u043e\u0432\u0441\u043a\u0438\u0439 \u0437\u0430\u0432\u043e\u0434",
        "modified": "2015-10-15T15:15:31.051Z",
        "created": "2015-10-11T11:05:13.028Z"
    },
    "model": "subway.station",
    "pk": 16
},
{
    "fields": {
        "_order": 17,
        "branch": 1,
        "is_enabled": true,
        "order": 17,
        "name": "\u0410\u0432\u0442\u043e\u0432\u043e",
        "modified": "2015-10-15T15:15:31.053Z",
        "created": "2015-10-11T11:05:13.030Z"
    },
    "model": "subway.station",
    "pk": 17
},
{
    "fields": {
        "_order": 18,
        "branch": 1,
        "is_enabled": true,
        "order": 18,
        "name": "\u041b\u0435\u043d\u0438\u043d\u0441\u043a\u0438\u0439 \u043f\u0440\u043e\u0441\u043f\u0435\u043a\u0442",
        "modified": "2015-10-15T15:15:31.054Z",
        "created": "2015-10-11T11:05:13.033Z"
    },
    "model": "subway.station",
    "pk": 18
},
{
    "fields": {
        "_order": 19,
        "branch": 1,
        "is_enabled": true,
        "order": 19,
        "name": "\u041f\u0440\u043e\u0441\u043f\u0435\u043a\u0442 \u0412\u0435\u0442\u0435\u0440\u0430\u043d\u043e\u0432",
        "modified": "2015-10-15T15:15:31.055Z",
        "created": "2015-10-11T11:05:13.035Z"
    },
    "model": "subway.station",
    "pk": 19
},
{
    "fields": {
        "_order": 1,
        "branch": 2,
        "is_enabled": true,
        "order": 1,
        "name": "\u041f\u0430\u0440\u043d\u0430\u0441",
        "modified": "2015-10-15T15:15:31.056Z",
        "created": "2015-10-11T11:06:01.717Z"
    },
    "model": "subway.station",
    "pk": 20
},
{
    "fields": {
        "_order": 2,
        "branch": 2,
        "is_enabled": true,
        "order": 2,
        "name": "\u041f\u0440\u043e\u0441\u043f\u0435\u043a\u0442 \u041f\u0440\u043e\u0441\u0432\u0435\u0449\u0435\u043d\u0438\u044f",
        "modified": "2015-10-15T15:15:31.057Z",
        "created": "2015-10-11T11:06:01.725Z"
    },
    "model": "subway.station",
    "pk": 21
},
{
    "fields": {
        "_order": 3,
        "branch": 2,
        "is_enabled": true,
        "order": 3,
        "name": "\u041e\u0437\u0435\u0440\u043a\u0438",
        "modified": "2015-10-15T15:15:31.059Z",
        "created": "2015-10-11T11:06:01.726Z"
    },
    "model": "subway.station",
    "pk": 22
},
{
    "fields": {
        "_order": 4,
        "branch": 2,
        "is_enabled": true,
        "order": 4,
        "name": "\u0423\u0434\u0435\u043b\u044c\u043d\u0430\u044f",
        "modified": "2015-10-15T15:15:31.060Z",
        "created": "2015-10-11T11:06:01.728Z"
    },
    "model": "subway.station",
    "pk": 23
},
{
    "fields": {
        "_order": 5,
        "branch": 2,
        "is_enabled": true,
        "order": 5,
        "name": "\u041f\u0438\u043e\u043d\u0435\u0440\u0441\u043a\u0430\u044f",
        "modified": "2015-10-15T15:15:31.061Z",
        "created": "2015-10-11T11:06:01.730Z"
    },
    "model": "subway.station",
    "pk": 24
},
{
    "fields": {
        "_order": 6,
        "branch": 2,
        "is_enabled": true,
        "order": 6,
        "name": "\u0427\u0451\u0440\u043d\u0430\u044f \u0440\u0435\u0447\u043a\u0430",
        "modified": "2015-10-15T15:15:31.062Z",
        "created": "2015-10-11T11:06:01.732Z"
    },
    "model": "subway.station",
    "pk": 25
},
{
    "fields": {
        "_order": 7,
        "branch": 2,
        "is_enabled": true,
        "order": 7,
        "name": "\u041f\u0435\u0442\u0440\u043e\u0433\u0440\u0430\u0434\u0441\u043a\u0430\u044f",
        "modified": "2015-10-15T15:15:31.063Z",
        "created": "2015-10-11T11:06:01.734Z"
    },
    "model": "subway.station",
    "pk": 26
},
{
    "fields": {
        "_order": 8,
        "branch": 2,
        "is_enabled": true,
        "order": 8,
        "name": "\u0413\u043e\u0440\u044c\u043a\u043e\u0432\u0441\u043a\u0430\u044f",
        "modified": "2015-10-15T15:15:31.064Z",
        "created": "2015-10-11T11:06:01.735Z"
    },
    "model": "subway.station",
    "pk": 27
},
{
    "fields": {
        "_order": 9,
        "branch": 2,
        "is_enabled": true,
        "order": 9,
        "name": "\u041d\u0435\u0432\u0441\u043a\u0438\u0439 \u043f\u0440\u043e\u0441\u043f\u0435\u043a\u0442",
        "modified": "2015-10-15T15:15:31.065Z",
        "created": "2015-10-11T11:06:01.737Z"
    },
    "model": "subway.station",
    "pk": 28
},
{
    "fields": {
        "_order": 10,
        "branch": 2,
        "is_enabled": true,
        "order": 10,
        "name": "\u0421\u0435\u043d\u043d\u0430\u044f \u043f\u043b\u043e\u0449\u0430\u0434\u044c",
        "modified": "2015-10-15T15:15:31.066Z",
        "created": "2015-10-11T11:06:01.739Z"
    },
    "model": "subway.station",
    "pk": 29
},
{
    "fields": {
        "_order": 11,
        "branch": 2,
        "is_enabled": true,
        "order": 11,
        "name": "\u0422\u0435\u0445\u043d\u043e\u043b\u043e\u0433\u0438\u0447\u0435\u0441\u043a\u0438\u0439 \u0438\u043d\u0441\u0442\u0438\u0442\u0443\u0442 - 2",
        "modified": "2015-10-15T15:15:31.068Z",
        "created": "2015-10-11T11:06:01.740Z"
    },
    "model": "subway.station",
    "pk": 30
},
{
    "fields": {
        "_order": 12,
        "branch": 2,
        "is_enabled": true,
        "order": 12,
        "name": "\u0424\u0440\u0443\u043d\u0437\u0435\u043d\u0441\u043a\u0430\u044f",
        "modified": "2015-10-15T15:15:31.069Z",
        "created": "2015-10-11T11:06:01.742Z"
    },
    "model": "subway.station",
    "pk": 31
},
{
    "fields": {
        "_order": 13,
        "branch": 2,
        "is_enabled": true,
        "order": 13,
        "name": "\u041c\u043e\u0441\u043a\u043e\u0432\u0441\u043a\u0438\u0435 \u0432\u043e\u0440\u043e\u0442\u0430",
        "modified": "2015-10-15T15:15:31.070Z",
        "created": "2015-10-11T11:06:01.743Z"
    },
    "model": "subway.station",
    "pk": 32
},
{
    "fields": {
        "_order": 14,
        "branch": 2,
        "is_enabled": true,
        "order": 14,
        "name": "\u042d\u043b\u0435\u043a\u0442\u0440\u043e\u0441\u0438\u043b\u0430",
        "modified": "2015-10-15T15:15:31.071Z",
        "created": "2015-10-11T11:06:01.745Z"
    },
    "model": "subway.station",
    "pk": 33
},
{
    "fields": {
        "_order": 15,
        "branch": 2,
        "is_enabled": true,
        "order": 15,
        "name": "\u041f\u0430\u0440\u043a \u041f\u043e\u0431\u0435\u0434\u044b",
        "modified": "2015-10-15T15:15:31.073Z",
        "created": "2015-10-11T11:06:01.747Z"
    },
    "model": "subway.station",
    "pk": 34
},
{
    "fields": {
        "_order": 16,
        "branch": 2,
        "is_enabled": true,
        "order": 16,
        "name": "\u041c\u043e\u0441\u043a\u043e\u0432\u0441\u043a\u0430\u044f",
        "modified": "2015-10-15T15:15:31.074Z",
        "created": "2015-10-11T11:06:01.749Z"
    },
    "model": "subway.station",
    "pk": 35
},
{
    "fields": {
        "_order": 17,
        "branch": 2,
        "is_enabled": true,
        "order": 17,
        "name": "\u0417\u0432\u0451\u0437\u0434\u043d\u0430\u044f",
        "modified": "2015-10-15T15:15:31.075Z",
        "created": "2015-10-11T11:06:01.751Z"
    },
    "model": "subway.station",
    "pk": 36
},
{
    "fields": {
        "_order": 18,
        "branch": 2,
        "is_enabled": true,
        "order": 18,
        "name": "\u041a\u0443\u043f\u0447\u0438\u043d\u043e",
        "modified": "2015-10-15T15:15:31.077Z",
        "created": "2015-10-11T11:06:01.753Z"
    },
    "model": "subway.station",
    "pk": 37
},
{
    "fields": {
        "_order": 1,
        "branch": 3,
        "is_enabled": true,
        "order": 1,
        "name": "\u041f\u0440\u0438\u043c\u043e\u0440\u0441\u043a\u0430\u044f",
        "modified": "2015-10-15T15:15:31.078Z",
        "created": "2015-10-11T11:07:12.001Z"
    },
    "model": "subway.station",
    "pk": 38
},
{
    "fields": {
        "_order": 2,
        "branch": 3,
        "is_enabled": true,
        "order": 2,
        "name": "\u0412\u0430\u0441\u0438\u043b\u0435\u043e\u0441\u0442\u0440\u043e\u0432\u0441\u043a\u0430\u044f",
        "modified": "2015-10-15T15:15:31.079Z",
        "created": "2015-10-11T11:07:12.010Z"
    },
    "model": "subway.station",
    "pk": 39
},
{
    "fields": {
        "_order": 3,
        "branch": 3,
        "is_enabled": true,
        "order": 3,
        "name": "\u0413\u043e\u0441\u0442\u0438\u043d\u044b\u0439 \u0434\u0432\u043e\u0440",
        "modified": "2015-10-15T15:15:31.081Z",
        "created": "2015-10-11T11:07:12.012Z"
    },
    "model": "subway.station",
    "pk": 40
},
{
    "fields": {
        "_order": 4,
        "branch": 3,
        "is_enabled": true,
        "order": 4,
        "name": "\u041c\u0430\u044f\u043a\u043e\u0432\u0441\u043a\u0430\u044f",
        "modified": "2015-10-15T15:15:31.082Z",
        "created": "2015-10-11T11:07:12.014Z"
    },
    "model": "subway.station",
    "pk": 41
},
{
    "fields": {
        "_order": 5,
        "branch": 3,
        "is_enabled": true,
        "order": 5,
        "name": "\u041f\u043b\u043e\u0449\u0430\u0434\u044c \u0410\u043b\u0435\u043a\u0441\u0430\u043d\u0434\u0440\u0430 \u041d\u0435\u0432\u0441\u043a\u043e\u0433\u043e - 1",
        "modified": "2015-10-15T15:15:31.083Z",
        "created": "2015-10-11T11:07:12.016Z"
    },
    "model": "subway.station",
    "pk": 42
},
{
    "fields": {
        "_order": 6,
        "branch": 3,
        "is_enabled": true,
        "order": 6,
        "name": "\u0415\u043b\u0438\u0437\u0430\u0440\u043e\u0432\u0441\u043a\u0430\u044f",
        "modified": "2015-10-15T15:15:31.084Z",
        "created": "2015-10-11T11:07:12.018Z"
    },
    "model": "subway.station",
    "pk": 43
},
{
    "fields": {
        "_order": 7,
        "branch": 3,
        "is_enabled": true,
        "order": 7,
        "name": "\u041b\u043e\u043c\u043e\u043d\u043e\u0441\u043e\u0432\u0441\u043a\u0430\u044f",
        "modified": "2015-10-15T15:15:31.085Z",
        "created": "2015-10-11T11:07:12.020Z"
    },
    "model": "subway.station",
    "pk": 44
},
{
    "fields": {
        "_order": 8,
        "branch": 3,
        "is_enabled": true,
        "order": 8,
        "name": "\u041f\u0440\u043e\u043b\u0435\u0442\u0430\u0440\u0441\u043a\u0430\u044f",
        "modified": "2015-10-15T15:15:31.086Z",
        "created": "2015-10-11T11:07:12.021Z"
    },
    "model": "subway.station",
    "pk": 45
},
{
    "fields": {
        "_order": 9,
        "branch": 3,
        "is_enabled": true,
        "order": 9,
        "name": "\u041e\u0431\u0443\u0445\u043e\u0432\u043e",
        "modified": "2015-10-15T15:15:31.088Z",
        "created": "2015-10-11T11:07:12.024Z"
    },
    "model": "subway.station",
    "pk": 46
},
{
    "fields": {
        "_order": 10,
        "branch": 3,
        "is_enabled": true,
        "order": 10,
        "name": "\u0420\u044b\u0431\u0430\u0446\u043a\u043e\u0435",
        "modified": "2015-10-15T15:15:31.089Z",
        "created": "2015-10-11T11:07:12.025Z"
    },
    "model": "subway.station",
    "pk": 47
},
{
    "fields": {
        "_order": 1,
        "branch": 4,
        "is_enabled": true,
        "order": 1,
        "name": "\u0421\u043f\u0430\u0441\u0441\u043a\u0430\u044f",
        "modified": "2015-10-15T15:15:31.090Z",
        "created": "2015-10-11T11:07:51.056Z"
    },
    "model": "subway.station",
    "pk": 48
},
{
    "fields": {
        "_order": 2,
        "branch": 4,
        "is_enabled": true,
        "order": 2,
        "name": "\u0414\u043e\u0441\u0442\u043e\u0435\u0432\u0441\u043a\u0430\u044f",
        "modified": "2015-10-15T15:15:31.091Z",
        "created": "2015-10-11T11:07:51.063Z"
    },
    "model": "subway.station",
    "pk": 49
},
{
    "fields": {
        "_order": 3,
        "branch": 4,
        "is_enabled": true,
        "order": 3,
        "name": "\u041b\u0438\u0433\u043e\u0432\u0441\u043a\u0438\u0439 \u043f\u0440\u043e\u0441\u043f\u0435\u043a\u0442",
        "modified": "2015-10-15T15:15:31.092Z",
        "created": "2015-10-11T11:07:51.065Z"
    },
    "model": "subway.station",
    "pk": 50
},
{
    "fields": {
        "_order": 4,
        "branch": 4,
        "is_enabled": true,
        "order": 4,
        "name": "\u041f\u043b\u043e\u0449\u0430\u0434\u044c \u0410\u043b\u0435\u043a\u0441\u0430\u043d\u0434\u0440\u0430 \u041d\u0435\u0432\u0441\u043a\u043e\u0433\u043e - 2",
        "modified": "2015-10-15T15:15:31.094Z",
        "created": "2015-10-11T11:07:51.067Z"
    },
    "model": "subway.station",
    "pk": 51
},
{
    "fields": {
        "_order": 5,
        "branch": 4,
        "is_enabled": true,
        "order": 5,
        "name": "\u041d\u043e\u0432\u043e\u0447\u0435\u0440\u043a\u0430\u0441\u0441\u043a\u0430\u044f",
        "modified": "2015-10-15T15:15:31.095Z",
        "created": "2015-10-11T11:07:51.069Z"
    },
    "model": "subway.station",
    "pk": 52
},
{
    "fields": {
        "_order": 6,
        "branch": 4,
        "is_enabled": true,
        "order": 6,
        "name": "\u041b\u0430\u0434\u043e\u0436\u0441\u043a\u0430\u044f",
        "modified": "2015-10-15T15:15:31.096Z",
        "created": "2015-10-11T11:07:51.071Z"
    },
    "model": "subway.station",
    "pk": 53
},
{
    "fields": {
        "_order": 7,
        "branch": 4,
        "is_enabled": true,
        "order": 7,
        "name": "\u041f\u0440\u043e\u0441\u043f\u0435\u043a\u0442 \u0411\u043e\u043b\u044c\u0448\u0435\u0432\u0438\u043a\u043e\u0432",
        "modified": "2015-10-15T15:15:31.097Z",
        "created": "2015-10-11T11:07:51.073Z"
    },
    "model": "subway.station",
    "pk": 54
},
{
    "fields": {
        "_order": 8,
        "branch": 4,
        "is_enabled": true,
        "order": 8,
        "name": "\u0423\u043b\u0438\u0446\u0430 \u0414\u044b\u0431\u0435\u043d\u043a\u043e",
        "modified": "2015-10-15T15:15:31.098Z",
        "created": "2015-10-11T11:07:51.075Z"
    },
    "model": "subway.station",
    "pk": 55
},
{
    "fields": {
        "_order": 1,
        "branch": 5,
        "is_enabled": true,
        "order": 1,
        "name": "\u041a\u043e\u043c\u0435\u043d\u0434\u0430\u043d\u0442\u0441\u043a\u0438\u0439 \u043f\u0440\u043e\u0441\u043f\u0435\u043a\u0442",
        "modified": "2015-10-15T15:15:31.099Z",
        "created": "2015-10-11T11:08:17.047Z"
    },
    "model": "subway.station",
    "pk": 56
},
{
    "fields": {
        "_order": 2,
        "branch": 5,
        "is_enabled": true,
        "order": 2,
        "name": "\u0421\u0442\u0430\u0440\u0430\u044f \u0414\u0435\u0440\u0435\u0432\u043d\u044f",
        "modified": "2015-10-15T15:15:31.100Z",
        "created": "2015-10-11T11:08:17.053Z"
    },
    "model": "subway.station",
    "pk": 57
},
{
    "fields": {
        "_order": 3,
        "branch": 5,
        "is_enabled": true,
        "order": 3,
        "name": "\u041a\u0440\u0435\u0441\u0442\u043e\u0432\u0441\u043a\u0438\u0439 \u043e\u0441\u0442\u0440\u043e\u0432",
        "modified": "2015-10-15T15:15:31.102Z",
        "created": "2015-10-11T11:08:17.055Z"
    },
    "model": "subway.station",
    "pk": 58
},
{
    "fields": {
        "_order": 4,
        "branch": 5,
        "is_enabled": true,
        "order": 4,
        "name": "\u0427\u043a\u0430\u043b\u043e\u0432\u0441\u043a\u0430\u044f",
        "modified": "2015-10-15T15:15:31.103Z",
        "created": "2015-10-11T11:08:17.056Z"
    },
    "model": "subway.station",
    "pk": 59
},
{
    "fields": {
        "_order": 5,
        "branch": 5,
        "is_enabled": true,
        "order": 5,
        "name": "\u0421\u043f\u043e\u0440\u0442\u0438\u0432\u043d\u0430\u044f",
        "modified": "2015-10-15T15:15:31.104Z",
        "created": "2015-10-11T11:08:17.058Z"
    },
    "model": "subway.station",
    "pk": 60
},
{
    "fields": {
        "_order": 6,
        "branch": 5,
        "is_enabled": true,
        "order": 6,
        "name": "\u0410\u0434\u043c\u0438\u0440\u0430\u043b\u0442\u0435\u0439\u0441\u043a\u0430\u044f",
        "modified": "2015-10-15T15:15:31.105Z",
        "created": "2015-10-11T11:08:17.060Z"
    },
    "model": "subway.station",
    "pk": 61
},
{
    "fields": {
        "_order": 7,
        "branch": 5,
        "is_enabled": true,
        "order": 7,
        "name": "\u0421\u0430\u0434\u043e\u0432\u0430\u044f",
        "modified": "2015-10-15T15:15:31.106Z",
        "created": "2015-10-11T11:08:17.061Z"
    },
    "model": "subway.station",
    "pk": 62
},
{
    "fields": {
        "_order": 8,
        "branch": 5,
        "is_enabled": true,
        "order": 8,
        "name": "\u0417\u0432\u0435\u043d\u0438\u0433\u043e\u0440\u043e\u0434\u0441\u043a\u0430\u044f",
        "modified": "2015-10-15T15:15:31.107Z",
        "created": "2015-10-11T11:08:17.063Z"
    },
    "model": "subway.station",
    "pk": 63
},
{
    "fields": {
        "_order": 9,
        "branch": 5,
        "is_enabled": true,
        "order": 9,
        "name": "\u041e\u0431\u0432\u043e\u0434\u043d\u044b\u0439 \u043a\u0430\u043d\u0430\u043b",
        "modified": "2015-10-15T15:15:31.108Z",
        "created": "2015-10-11T11:08:17.065Z"
    },
    "model": "subway.station",
    "pk": 64
},
{
    "fields": {
        "_order": 10,
        "branch": 5,
        "is_enabled": true,
        "order": 10,
        "name": "\u0412\u043e\u043b\u043a\u043e\u0432\u0441\u043a\u0430\u044f",
        "modified": "2015-10-15T15:15:31.110Z",
        "created": "2015-10-11T11:08:17.066Z"
    },
    "model": "subway.station",
    "pk": 65
},
{
    "fields": {
        "_order": 11,
        "branch": 5,
        "is_enabled": true,
        "order": 11,
        "name": "\u0411\u0443\u0445\u0430\u0440\u0435\u0441\u0442\u0441\u043a\u0430\u044f",
        "modified": "2015-10-15T15:15:31.111Z",
        "created": "2015-10-11T11:08:17.068Z"
    },
    "model": "subway.station",
    "pk": 66
},
{
    "fields": {
        "_order": 12,
        "branch": 5,
        "is_enabled": true,
        "order": 12,
        "name": "\u041c\u0435\u0436\u0434\u0443\u043d\u0430\u0440\u043e\u0434\u043d\u0430\u044f",
        "modified": "2015-10-15T15:15:31.112Z",
        "created": "2015-10-11T11:08:17.069Z"
    },
    "model": "subway.station",
    "pk": 67
},
{
    "fields": {
        "from_station": 63,
        "to_station": 12,
        "modified": "2015-10-15T14:35:22.055Z",
        "created": "2015-10-15T14:35:22.055Z"
    },
    "model": "subway.interchange",
    "pk": 1
},
{
    "fields": {
        "from_station": 12,
        "to_station": 63,
        "modified": "2015-10-15T14:35:22.056Z",
        "created": "2015-10-15T14:35:22.056Z"
    },
    "model": "subway.interchange",
    "pk": 2
},
{
    "fields": {
        "from_station": 51,
        "to_station": 42,
        "modified": "2015-10-15T14:35:52.679Z",
        "created": "2015-10-15T14:35:52.679Z"
    },
    "model": "subway.interchange",
    "pk": 3
},
{
    "fields": {
        "from_station": 42,
        "to_station": 51,
        "modified": "2015-10-15T14:35:52.681Z",
        "created": "2015-10-15T14:35:52.681Z"
    },
    "model": "subway.interchange",
    "pk": 4
},
{
    "fields": {
        "from_station": 49,
        "to_station": 11,
        "modified": "2015-10-15T14:36:02.072Z",
        "created": "2015-10-15T14:36:02.072Z"
    },
    "model": "subway.interchange",
    "pk": 5
},
{
    "fields": {
        "from_station": 11,
        "to_station": 49,
        "modified": "2015-10-15T14:36:02.074Z",
        "created": "2015-10-15T14:36:02.074Z"
    },
    "model": "subway.interchange",
    "pk": 6
},
{
    "fields": {
        "from_station": 40,
        "to_station": 28,
        "modified": "2015-10-15T14:36:11.507Z",
        "created": "2015-10-15T14:36:11.507Z"
    },
    "model": "subway.interchange",
    "pk": 7
},
{
    "fields": {
        "from_station": 28,
        "to_station": 40,
        "modified": "2015-10-15T14:36:11.508Z",
        "created": "2015-10-15T14:36:11.508Z"
    },
    "model": "subway.interchange",
    "pk": 8
},
{
    "fields": {
        "from_station": 41,
        "to_station": 10,
        "modified": "2015-10-15T14:36:28.642Z",
        "created": "2015-10-15T14:36:28.642Z"
    },
    "model": "subway.interchange",
    "pk": 9
},
{
    "fields": {
        "from_station": 10,
        "to_station": 41,
        "modified": "2015-10-15T14:36:28.643Z",
        "created": "2015-10-15T14:36:28.643Z"
    },
    "model": "subway.interchange",
    "pk": 10
},
{
    "fields": {
        "from_station": 30,
        "to_station": 13,
        "modified": "2015-10-15T14:36:41.532Z",
        "created": "2015-10-15T14:36:41.532Z"
    },
    "model": "subway.interchange",
    "pk": 11
},
{
    "fields": {
        "from_station": 13,
        "to_station": 30,
        "modified": "2015-10-15T14:36:41.534Z",
        "created": "2015-10-15T14:36:41.534Z"
    },
    "model": "subway.interchange",
    "pk": 12
},
{
    "fields": {
        "from_station": 62,
        "to_station": 29,
        "modified": "2015-10-15T14:37:01.384Z",
        "created": "2015-10-15T14:37:01.384Z"
    },
    "model": "subway.interchange",
    "pk": 13
},
{
    "fields": {
        "from_station": 29,
        "to_station": 62,
        "modified": "2015-10-15T14:37:01.386Z",
        "created": "2015-10-15T14:37:01.386Z"
    },
    "model": "subway.interchange",
    "pk": 14
},
{
    "fields": {
        "from_station": 62,
        "to_station": 48,
        "modified": "2015-10-15T14:37:01.388Z",
        "created": "2015-10-15T14:37:01.388Z"
    },
    "model": "subway.interchange",
    "pk": 15
},
{
    "fields": {
        "from_station": 48,
        "to_station": 62,
        "modified": "2015-10-15T14:37:01.389Z",
        "created": "2015-10-15T14:37:01.389Z"
    },
    "model": "subway.interchange",
    "pk": 16
},
{
    "fields": {
        "from_station": 29,
        "to_station": 48,
        "modified": "2015-10-15T14:38:02.001Z",
        "created": "2015-10-15T14:38:02.001Z"
    },
    "model": "subway.interchange",
    "pk": 17
},
{
    "fields": {
        "from_station": 48,
        "to_station": 29,
        "modified": "2015-10-15T14:38:02.005Z",
        "created": "2015-10-15T14:38:02.005Z"
    },
    "model": "subway.interchange",
    "pk": 18
}
]
